{
  "actions": {
    "min_agg": -1.0,
    "max_agg": 1.0,
    "q01_agg": -1.0,
    "q05_agg": -0.9375,
    "q25_agg": -0.15000000596046448,
    "q50_agg": 0.0,
    "q75_agg": 0.03214285895228386,
    "q95_agg": 1.0,
    "q99_agg": 1.0,
    "mean_agg": 0.0004115577321499586,
    "std_agg": 0.4442632496356964,
    "min": [
      -0.7767857313156128,
      -0.6830357313156128,
      -0.9375,
      -0.1339285671710968,
      -0.1778571456670761,
      -0.26249998807907104,
      -1.0
    ],
    "max": [
      0.6589285731315613,
      0.6000000238418579,
      0.9375,
      0.18964286148548126,
      0.20999999344348907,
      0.06750000268220901,
      1.0
    ],
    "mean": [
      -0.10511833429336548,
      -0.009918713010847569,
      -0.10795463621616364,
      0.004284074530005455,
      -0.004084322601556778,
      -0.08629262447357178,
      0.3119652569293976
    ],
    "std": [
      0.2820999026298523,
      0.24450288712978363,
      0.4536871612071991,
      0.02779197134077549,
      0.04344392195343971,
      0.058721039444208145,
      0.9501204490661621
    ],
    "q01": [
      -0.6259821653366089,
      -0.5491071343421936,
      -0.9375,
      -0.0835714265704155,
      -0.12932144105434418,
      -0.22574999928474426,
      -1.0
    ],
    "q05": [
      -0.5142857432365417,
      -0.4392857253551483,
      -0.7017857432365417,
      -0.03857142850756645,
      -0.07928571105003357,
      -0.18964286148548126,
      -1.0
    ],
    "q25": [
      -0.3241071403026581,
      -0.13928571343421936,
      -0.43392857909202576,
      0.0,
      -0.019285714253783226,
      -0.12642857432365417,
      -1.0
    ],
    "q50": [
      -0.13928571343421936,
      0.0,
      -0.1741071492433548,
      0.0,
      0.0,
      -0.08142857253551483,
      1.0
    ],
    "q75": [
      0.06160714104771614,
      0.1071428582072258,
      -0.0,
      0.011785713955760002,
      0.0,
      -0.04178571328520775,
      1.0
    ],
    "q95": [
      0.4124999940395355,
      0.4419642984867096,
      0.8785714507102966,
      0.04928571358323097,
      0.07285714149475098,
      -0.0,
      1.0
    ],
    "q99": [
      0.5303571224212646,
      0.5410714149475098,
      0.9375,
      0.09075020998716354,
      0.13500000536441803,
      0.012857142835855484,
      1.0
    ],
    "shape": [
      7831,
      7
    ],
    "num_samples": 7831,
    "num_dims": 7
  },
  "observations/proprio": {
    "min_agg": -2.7932989597320557,
    "max_agg": 3.242880344390869,
    "q01_agg": -2.3481390476226807,
    "q05_agg": -1.350313425064087,
    "q25_agg": -0.1806037425994873,
    "q50_agg": 0.007460545748472214,
    "q75_agg": 0.8510475158691406,
    "q95_agg": 3.0264570713043213,
    "q99_agg": 3.1481854915618896,
    "mean_agg": 0.31302565336227417,
    "std_agg": 1.1555145978927612,
    "min": [
      -0.4660113453865051,
      -0.05727988854050636,
      0.9849284291267395,
      1.533873438835144,
      -2.7932989597320557,
      -0.7291064858436584,
      0.0005158549756743014,
      -0.04021051153540611
    ],
    "max": [
      -0.13036079704761505,
      0.20219887793064117,
      1.3215757608413696,
      3.242880344390869,
      0.11102830618619919,
      0.8064205050468445,
      0.051848411560058594,
      -0.0004798387235496193
    ],
    "mean": [
      -0.27162569761276245,
      0.05993828549981117,
      1.1352932453155518,
      2.813143730163574,
      -1.174200415611267,
      -0.05850428715348244,
      0.02426854893565178,
      -0.024113625288009644
    ],
    "std": [
      0.09043771028518677,
      0.0695585384964943,
      0.082456573843956,
      0.3636377155780792,
      0.7782807350158691,
      0.21014149487018585,
      0.011604235507547855,
      0.011566583067178726
    ],
    "q01": [
      -0.4546072781085968,
      -0.04906701296567917,
      0.9879394769668579,
      1.8223315477371216,
      -2.6870691776275635,
      -0.6296848058700562,
      0.00647392775863409,
      -0.039866313338279724
    ],
    "q05": [
      -0.4373706579208374,
      -0.03591259568929672,
      0.9939035177230835,
      2.041877508163452,
      -2.4561080932617188,
      -0.41140198707580566,
      0.01285389345139265,
      -0.039771854877471924
    ],
    "q25": [
      -0.3456241190433502,
      -0.004259053617715836,
      1.0708918571472168,
      2.60825777053833,
      -1.8532071113586426,
      -0.16652753949165344,
      0.01490845438092947,
      -0.0391647145152092
    ],
    "q50": [
      -0.23872286081314087,
      0.049787092953920364,
      1.1492236852645874,
      2.9618163108825684,
      -1.0790867805480957,
      -0.05785049498081207,
      0.01709313876926899,
      -0.01737651415169239
    ],
    "q75": [
      -0.20004156231880188,
      0.12666288018226624,
      1.1879386901855469,
      3.1013882160186768,
      -0.49983924627304077,
      0.051737844944000244,
      0.03925091773271561,
      -0.015057219192385674
    ],
    "q95": [
      -0.1646943986415863,
      0.1603749543428421,
      1.2667169570922852,
      3.1584410667419434,
      -0.06515161693096161,
      0.29549747705459595,
      0.03981631621718407,
      -0.01251709833741188
    ],
    "q99": [
      -0.14262546598911285,
      0.1872701495885849,
      1.296485185623169,
      3.2021701335906982,
      0.037852052599191666,
      0.5040971040725708,
      0.03992338106036186,
      -0.002902040956541896
    ],
    "shape": [
      7831,
      8
    ],
    "num_samples": 7831,
    "num_dims": 8
  },
  "observations/sim_state": {
    "min_agg": -6.792912006378174,
    "max_agg": 12.550000190734863,
    "q01_agg": -2.2875819206237793,
    "q05_agg": -0.6292772889137268,
    "q25_agg": -0.02870175987482071,
    "q50_agg": 1.8812603412879236e-17,
    "q75_agg": 0.10813617706298828,
    "q95_agg": 1.7000000476837158,
    "q99_agg": 4.550000190734863,
    "mean_agg": 0.17798255383968353,
    "std_agg": 0.9523568749427795,
    "min": [
      0.25,
      -0.31454339623451233,
      -0.8468933701515198,
      -0.1692015528678894,
      -3.075512647628784,
      -0.7528364062309265,
      1.4238548278808594,
      0.6732086539268494,
      0.0005158549756743014,
      -0.04021051153540611,
      -0.4513271450996399,
      -0.05350053682923317,
      0.8829318881034851,
      -0.7521551847457886,
      -0.17761042714118958,
      -0.25267380475997925,
      0.6588950753211975,
      -0.12424929440021515,
      -0.02474752813577652,
      0.8851699829101562,
      -0.7105062007904053,
      -0.0027456660754978657,
      -0.011831529438495636,
      0.703690767288208,
      -0.6052391529083252,
      -0.6327643394470215,
      -0.6448221206665039,
      -0.8251874446868896,
      -2.0607402324676514,
      -1.4493348598480225,
      -1.348127007484436,
      -0.19547396898269653,
      -0.13759075105190277,
      -0.3190583884716034,
      -0.46728038787841797,
      -1.2910051345825195,
      -6.631292343139648,
      -4.015660762786865,
      -6.792912006378174,
      -0.0004357674333732575,
      -0.0035686420742422342,
      -0.05844267085194588,
      -0.7456686496734619,
      -1.2480353116989136,
      -1.0196765742875868e-06
    ],