key,min_agg,q01_agg,q50_agg,q99_agg,max_agg,mean_agg,std_agg,num_dims
actions,-1.0,-1.0,0.0,1.0,1.0,0.0004115577321499586,0.4442632496356964,7
observations/proprio,-2.7932989597320557,-2.3481390476226807,0.007460545748472214,3.1481854915618896,3.242880344390869,0.31302565336227417,1.1555145978927612,8
observations/sim_state,-6.792912006378174,-2.2875819206237793,1.8812603412879236e-17,4.550000190734863,12.550000190734863,0.17798255383968353,0.9523568749427795,45
