key,min_agg,q01_agg,q50_agg,q99_agg,max_agg,mean_agg,std_agg,num_dims
actions,-1.0,-1.0,0.0,1.0,1.0,0.029212065041065216,0.4392721652984619,7
observations/proprio,-0.5467727184295654,-0.20356211066246033,0.03953925520181656,3.0867342948913574,3.150796890258789,0.5194307565689087,0.9441922903060913,8
observations/sim_state,-9.476523399353027,-1.6753801107406616,2.378054020368836e-08,3.5,10.649999618530273,0.22349126636981964,0.7594302296638489,51
